"","Gene","BaseGeneMean","OutlierFactor","GeneMean","DEFacGroup1","DEFacGroup2","DEFacGroup3","DEFacGroup4","DEFacGroup5","DEFacGroup6"
"Gene2","Gene2",0.873022252876384,1,0.873022252876384,1.55812216745485,1,1,1,1,1
"Gene3","Gene3",1.81779644073713,1,1.81779644073713,1,1,1,1,1,1
"Gene5","Gene5",2.06317184176237,1,2.06317184176237,1,1,1,1,1.46046733533892,1
"Gene6","Gene6",2.34649652824674,1,2.34649652824674,1,1,1,0.858423575839356,1.48121232095867,1
"Gene7","Gene7",1.79689562862334,1,1.79689562862334,1,1,1,1,1,1.1606203155975
"Gene8","Gene8",1.31223684207324,1,1.31223684207324,1,1,1,1.50270615097947,1.43494790750525,1
"Gene9","Gene9",0.300804613482877,1,0.300804613482877,1,1,1,1,1,1
"Gene10","Gene10",0.557959537799466,1,0.557959537799466,0.984103025354758,1,1,1,1,1
"Gene11","Gene11",2.40583864551822,1,2.40583864551822,1,1,1,0.910501742078351,1,1
"Gene12","Gene12",2.81761012752696,1,2.81761012752696,1,1,1,1,1,1
"Gene13","Gene13",1.03634748541665,1,1.03634748541665,1,1,1,1,1,1
"Gene14","Gene14",0.287894223282869,1,0.287894223282869,1,1.17497331565623,1,1,0.730210636758479,1
"Gene15","Gene15",1.04392263946766,1,1.04392263946766,1,1,1,1,1,1
"Gene16","Gene16",8.09744855124146,1,8.09744855124146,1,1,2.36661773001889,1,1,1
"Gene17","Gene17",0.135889465013545,44.666426277025,49.4889427446311,1,1,1,0.697993008546339,1,1
"Gene18","Gene18",2.40530388436471,1,2.40530388436471,1,1,1,1,1,0.563379269963572
"Gene19","Gene19",1.79032406106561,1,1.79032406106561,0.771414367333635,1,1,1,1,1
"Gene20","Gene20",3.42508254247612,1,3.42508254247612,1,1,1,1,1,1
"Gene21","Gene21",1.34918717916541,1,1.34918717916541,1,1,1,1,0.978470607519769,1.15072572866465
"Gene22","Gene22",1.56002305586978,1,1.56002305586978,1.49847975046344,1,1,1,1,0.791294772920036
"Gene23","Gene23",0.26169092763234,1,0.26169092763234,1,1,1,1,1,1
"Gene25","Gene25",0.181413708478415,1,0.181413708478415,1,1,1,1,1,1
"Gene26","Gene26",2.60946177726688,1,2.60946177726688,1.33130897868084,1.13634743205833,0.689013103341202,1,1,1
"Gene27","Gene27",13.2963262269171,1,13.2963262269171,1,1,1,1,1,1
"Gene28","Gene28",1.7113913395612,1,1.7113913395612,1,1,1,1,1,1
"Gene29","Gene29",0.958167388119235,1,0.958167388119235,1,1,1,1,1,0.852353717301811
"Gene30","Gene30",7.36594988216445,1,7.36594988216445,1,1,1,1,1,1.41533660306437
"Gene31","Gene31",0.642316659667542,1,0.642316659667542,1,1,1,1,1,1
"Gene32","Gene32",0.369142017669846,1,0.369142017669846,1,1,1,1,1,1
"Gene33","Gene33",3.14718950080314,1,3.14718950080314,1,1,1.80164636157091,1.21854669155968,1,1
"Gene34","Gene34",5.41719990595737,1,5.41719990595737,1,1,1,1,0.562138023794069,1
"Gene35","Gene35",2.71184012593914,1,2.71184012593914,1,0.912679651142776,1,1,1,1
"Gene37","Gene37",0.260648726255604,1,0.260648726255604,1,1,1,1,1,1
"Gene38","Gene38",5.7967101450007,1,5.7967101450007,1,1,1,1,1,1
"Gene39","Gene39",0.624039313974679,1,0.624039313974679,1,1,1,1,1,1
"Gene41","Gene41",21.8762566723795,1,21.8762566723795,1,1,1,1,0.888171248531619,1
"Gene42","Gene42",0.973645012768611,1,0.973645012768611,1,1,1,1,1,1
"Gene44","Gene44",0.154302786183803,1,0.154302786183803,1,1,0.989035130233049,1,1,1
"Gene45","Gene45",2.18828755028701,1,2.18828755028701,1,1,1,1,1,1
"Gene46","Gene46",0.854913478037973,1,0.854913478037973,1,1,0.875079952318064,1,1,1
"Gene47","Gene47",0.213525929469602,1,0.213525929469602,0.457626738821003,1,1,1.45698374952473,1,0.563523048382277
"Gene48","Gene48",0.466665910523473,1,0.466665910523473,1,1,1,1,1,0.87228190915952
"Gene49","Gene49",0.869880689832905,1,0.869880689832905,1,1,1,1,1,1
"Gene50","Gene50",1.56209710470596,1,1.56209710470596,1.25398281335956,1.00151161285683,1,1,1,1
"Gene51","Gene51",0.116986699963303,1,0.116986699963303,1,1,1,1,1,0.929600017528828
"Gene52","Gene52",3.85481416817272,1,3.85481416817272,1,1,1,1,1,1
"Gene53","Gene53",0.198816621314792,1,0.198816621314792,1,1,1,1.35062121952107,1,1
"Gene54","Gene54",2.63463326606539,1,2.63463326606539,1,1,1,1,1,1
"Gene55","Gene55",0.16059939817377,1,0.16059939817377,1,1,1,1,1,1
"Gene56","Gene56",0.899778291621413,1,0.899778291621413,1,1,1,1,1,1
"Gene57","Gene57",4.77281865296254,1,4.77281865296254,1,1,1,1,1,1.88845304897735
"Gene58","Gene58",0.642687582603039,1,0.642687582603039,1,1,1,1,1,1
"Gene59","Gene59",2.23454951782662,1,2.23454951782662,1,1,1,1,1,1
"Gene60","Gene60",1.87491072277026,1,1.87491072277026,1,1,1,1,1,1
"Gene61","Gene61",1.43873860458202,1,1.43873860458202,1,1,1,1,1,1
"Gene62","Gene62",5.80574124221388,1,5.80574124221388,1,1,0.79222856134263,1,1,0.814562161110361
"Gene63","Gene63",3.32595698599381,1,3.32595698599381,1,0.704875453106618,1,1,1,1
"Gene64","Gene64",1.75550681738509,83.09574441107,92.0673731983162,1,1,1,1,1,1.14806673529152
"Gene65","Gene65",0.495073821452087,1,0.495073821452087,1,1,1,1,1,1
"Gene66","Gene66",1.80751060188567,1,1.80751060188567,1,1,1,1,1,1
"Gene67","Gene67",1.66533682890284,60.8078947779569,67.3731631096656,1,1,1,1,1,1
"Gene68","Gene68",0.23111788977815,1,0.23111788977815,1,1,1,1,1,1
"Gene69","Gene69",0.334382253516185,1,0.334382253516185,1,0.600058394855535,1,1.17441559866651,1,1
"Gene70","Gene70",5.79289929208038,1,5.79289929208038,1,1,1,1,1,1
"Gene71","Gene71",3.57476930337342,1,3.57476930337342,0.886741940753465,1,1,1,1.32565396535389,1
"Gene72","Gene72",0.276745057094153,1,0.276745057094153,1,1,1,1,1,1
"Gene73","Gene73",0.0942071066764551,1,0.0942071066764551,1,1,1,1,1,1
"Gene74","Gene74",1.84297822457356,1,1.84297822457356,2.2872126314756,1,1,1,1,1
"Gene75","Gene75",1.61500519404776,1,1.61500519404776,1,1,1,1,1,1
"Gene76","Gene76",6.39215465338315,1,6.39215465338315,1,1,1,0.54112901106241,1,1
"Gene77","Gene77",1.06316268942592,1,1.06316268942592,1,1,1,1,1,1
"Gene78","Gene78",0.198318575123332,1,0.198318575123332,1,1,1,1,0.852302480876825,1
"Gene79","Gene79",4.84357496480945,1,4.84357496480945,1,1,1,1,1,1
"Gene80","Gene80",1.16115689897206,39.6865126812598,43.9713609867907,1,1,1,1,1,1
"Gene81","Gene81",5.31311628066338,1,5.31311628066338,1,1,1,1,1,1
"Gene82","Gene82",16.7876229472234,71.9825688950332,79.7543373755449,1,1,1,1,0.671152212414229,1
"Gene83","Gene83",3.47840757027271,1,3.47840757027271,1,1,1,1,1,1
"Gene84","Gene84",1.89917497547127,1,1.89917497547127,1,1,1,1,1,1
"Gene85","Gene85",0.0423105389137885,1,0.0423105389137885,1,1,1,1,1,1
"Gene86","Gene86",1.8448955596253,1,1.8448955596253,1,1,1,1,1,1.12063602041182
"Gene87","Gene87",5.17429934459032,1,5.17429934459032,1,1,1,1,1,1
"Gene88","Gene88",2.56304334315736,1,2.56304334315736,1,1,1,1,1,1
"Gene89","Gene89",0.240469290781195,1,0.240469290781195,1,1,1,0.488558574489388,1,1
"Gene90","Gene90",1.23044826816841,1,1.23044826816841,1,1,1,1,1,2.11752559142446
"Gene91","Gene91",0.442514598190666,1,0.442514598190666,1,1,1,1,1,1.09523337292054
"Gene92","Gene92",3.77465580845324,1,3.77465580845324,1.21348361362891,1,1,1,1,1
"Gene93","Gene93",1.31516549499236,1,1.31516549499236,1,1,1.28643920528266,0.585427712215304,1,1
"Gene94","Gene94",11.2064910933959,1,11.2064910933959,1,1,1,1,1.34453996037045,1
"Gene95","Gene95",2.98156288232978,1,2.98156288232978,1,1,1,1,1,1
"Gene96","Gene96",5.15800565285296,1,5.15800565285296,1,1.01132802909221,1,1,1,1
"Gene97","Gene97",5.36895139423842,1,5.36895139423842,1,1,1,0.638273227944252,1,1
"Gene98","Gene98",1.4587551953896,1,1.4587551953896,1,1,1,1,1,1
"Gene99","Gene99",5.03567330683221,1,5.03567330683221,1.09251687307473,1,1,1,1,1
"Gene100","Gene100",1.82678640552789,1,1.82678640552789,1,1,0.753306520509189,1,1,1
"Gene101","Gene101",0.606937058983129,65.7050253884021,72.7990240211744,1,1,1,1,1,1
"Gene102","Gene102",0.240323858652978,1,0.240323858652978,1,1,1,1,1,1
"Gene103","Gene103",0.12578244887739,1,0.12578244887739,0.701774467616686,1,1,0.612996384174179,1,1
"Gene104","Gene104",3.24067950327201,1,3.24067950327201,1,1,1,1,1,1
"Gene105","Gene105",0.0843639515471264,1,0.0843639515471264,1,1,1,1,1,1
"Gene106","Gene106",0.545781741379499,1,0.545781741379499,1,1.22480857960884,1,1,1,1
"Gene107","Gene107",3.23938608242327,1,3.23938608242327,1,0.847424372766948,1,1,1,1
"Gene109","Gene109",2.07253056304995,1,2.07253056304995,1,1,1,1,1,1
"Gene110","Gene110",0.267294757304561,1,0.267294757304561,1,1,1.47694886707082,1,1,1
"Gene111","Gene111",5.38691284751768,1,5.38691284751768,1,1,1,1,0.933008416324122,1
"Gene112","Gene112",0.98631077367114,1,0.98631077367114,1,1,1,1,1,1
"Gene113","Gene113",4.79862497167799,1,4.79862497167799,0.695620431554158,1,1,0.772646728199869,1,1
"Gene114","Gene114",0.218101214169024,1,0.218101214169024,1,1,0.502947811402415,1,1,1
"Gene115","Gene115",2.28055389851721,1,2.28055389851721,1,1,1,1,1,1
"Gene116","Gene116",0.866761507467268,1,0.866761507467268,1,1,1,1,1,1
"Gene117","Gene117",4.68409095925503,1,4.68409095925503,1,1,1,1,1,1
"Gene118","Gene118",0.445872282200913,1,0.445872282200913,1,1,0.990663247991591,1,1,1
"Gene119","Gene119",0.79950916364201,1,0.79950916364201,1.12629824115302,1,1,1,1,1
"Gene120","Gene120",3.81962959173664,1,3.81962959173664,1,1,1,1,1,1
"Gene121","Gene121",0.509225650817719,1,0.509225650817719,1,1,1,1,1,1
"Gene122","Gene122",0.032671570678628,1,0.032671570678628,1,1,1,1,1,1
"Gene123","Gene123",5.09712583414409,1,5.09712583414409,1,1,1,0.692363357861049,1,1
"Gene124","Gene124",3.34952116718518,1,3.34952116718518,1,1,1,1,1,1.92759538756202
"Gene125","Gene125",4.01890767517178,1,4.01890767517178,1,1,1,1,1,1
"Gene126","Gene126",3.05555864363676,1,3.05555864363676,1,1,1,1,1,1
"Gene127","Gene127",0.534376262348606,1,0.534376262348606,1,1,1,1,1,1
"Gene128","Gene128",0.829289616560647,1,0.829289616560647,1,1,1,1,1,1
"Gene129","Gene129",4.07809640273383,1,4.07809640273383,1,0.766929518140051,1.46487107918158,1,1,1
"Gene130","Gene130",4.05339790006849,1,4.05339790006849,1,1,1.04239658562204,1,1,1
"Gene131","Gene131",0.511046228280955,1,0.511046228280955,1,1.65312070434648,1,1,1,1.82329161878991
"Gene132","Gene132",0.398169332701068,1,0.398169332701068,1,1,1,1.26644233139938,1,1
"Gene133","Gene133",3.6215196101958,1,3.6215196101958,1,1,1,1,1,1
"Gene134","Gene134",2.24892864407322,1,2.24892864407322,1,1,1,1,1,1
"Gene135","Gene135",0.218349363572427,1,0.218349363572427,1,1,1,1,1,1
"Gene136","Gene136",0.540805787130218,1,0.540805787130218,1,1.23322293126808,1,1,1,1
"Gene137","Gene137",0.313260763362464,1,0.313260763362464,1,1,1,1.11004566836766,1,1
"Gene138","Gene138",0.960778425108027,1,0.960778425108027,1,1,1,1,1,0.950988156533248
"Gene139","Gene139",0.60108063824662,1,0.60108063824662,1,1,1,1,1.75914253175615,1
"Gene140","Gene140",0.117043174795603,1,0.117043174795603,1,1,1,1,1,1
"Gene141","Gene141",1.63171404241401,1,1.63171404241401,1,1,1,1,1,1
"Gene142","Gene142",1.0876021925619,1,1.0876021925619,1,1,1,1,1,1
"Gene143","Gene143",1.38354173073823,1,1.38354173073823,1,1,1,0.83932760556045,1,1
"Gene144","Gene144",5.73732993313921,1,5.73732993313921,1,1,1.50337471335397,1,1,1
"Gene145","Gene145",9.81415534749327,1,9.81415534749327,1.07619221726822,1,1,1,1,1
"Gene146","Gene146",0.666120542842121,44.9471842096654,49.8000133722064,1,1,1,1,1.17345044998195,1
"Gene147","Gene147",0.315482360950641,1,0.315482360950641,1,1,1,1,0.782798160221231,1
"Gene148","Gene148",0.175697923998404,1,0.175697923998404,1,1,1,1,1,1
"Gene149","Gene149",0.201947636071728,1,0.201947636071728,1,1,1,1,1,0.555483723993019
"Gene150","Gene150",2.05946612137162,1,2.05946612137162,1,0.676546104221714,1,1,1,1
"Gene151","Gene151",2.00355300692466,1,2.00355300692466,1,1,1,1,1,1
"Gene152","Gene152",1.60129309703741,1,1.60129309703741,1,1,1,1,1,1
"Gene153","Gene153",1.4505960885101,1,1.4505960885101,1,0.580700269900605,1,1,1.13881045771762,1
"Gene154","Gene154",8.25523332564304,1,8.25523332564304,1,1,1,1,1,1
"Gene155","Gene155",1.62772301493919,1,1.62772301493919,1,1,1,1,1,1
"Gene156","Gene156",0.432901282459549,1,0.432901282459549,1,1,1,1,1,1
"Gene157","Gene157",2.32859311372274,1,2.32859311372274,1,1,1,1,1.00220698374398,1
"Gene158","Gene158",0.557806450034571,1,0.557806450034571,1,1,1,1,1,1
"Gene159","Gene159",0.388172321612424,1,0.388172321612424,1,1,1,1,1,1
"Gene161","Gene161",2.10114207242731,43.378050992776,48.0614649723922,1,1,1,1,1,0.382722553724262
"Gene162","Gene162",0.77990505818556,1,0.77990505818556,1,1,1,1,1,1
"Gene163","Gene163",0.38623276117898,1,0.38623276117898,1,1,1,1,1,1
"Gene164","Gene164",0.618177214884161,1,0.618177214884161,1,1,1.27902027567372,1,1,1
"Gene165","Gene165",3.82125058895268,1,3.82125058895268,1,1,1,1,1,1
"Gene166","Gene166",0.255030617343747,1,0.255030617343747,1,1,1,1.06037491079642,1,1
"Gene167","Gene167",0.715520749951835,1,0.715520749951835,1,0.471961146999676,1,1,0.801108182673498,1
"Gene168","Gene168",5.90961476274899,1,5.90961476274899,1,1,1,1.31040246070856,1,1
"Gene169","Gene169",0.639344933017299,1,0.639344933017299,1,1.48220324081445,1,1,1,1
"Gene170","Gene170",1.37968039471615,47.8014944334288,52.9624959572951,1,1,1,1,1,1
"Gene171","Gene171",3.22628091416954,1,3.22628091416954,1,1,1,1,1,1
"Gene172","Gene172",5.16081660017855,1,5.16081660017855,1,1,1,1.05509288414881,1,1
"Gene173","Gene173",0.164722983981826,1,0.164722983981826,1,1,1,1,1,1
"Gene174","Gene174",0.634963543583991,1,0.634963543583991,1,1,1,1.35077704681369,1,1
"Gene175","Gene175",5.4621471295185,1,5.4621471295185,1,1,1.67956410899611,1,1,1
"Gene176","Gene176",0.319877967674939,1,0.319877967674939,1,1,1,1,0.863623928869835,1
"Gene177","Gene177",2.30402769752929,1,2.30402769752929,1,1,1,1,1,1
"Gene178","Gene178",2.61575138492854,1,2.61575138492854,1,1,1,1,1,1
"Gene179","Gene179",0.075183754128483,1,0.075183754128483,1,1,1,1,1,1
"Gene180","Gene180",12.4353007446226,1,12.4353007446226,1,1,1,1.53835572103646,0.685317119969061,1
"Gene181","Gene181",1.35577330699124,70.1559542418087,77.7305079464951,1,1,1,1,1,1
"Gene182","Gene182",0.36094106352581,1,0.36094106352581,1,1,1,1,1,1.30571805176228
"Gene183","Gene183",0.0400381124736567,53.1875095828778,58.9300249845704,1,0.632803806743979,1,1,1,1
"Gene184","Gene184",2.10678875909111,1,2.10678875909111,1,1,1,1,1,0.707703046111424
"Gene186","Gene186",0.291870816201333,1,0.291870816201333,1,1,1,1,1,1
"Gene187","Gene187",0.998988264134273,1,0.998988264134273,1,1,1,1,1,1
"Gene188","Gene188",3.45908533150654,1,3.45908533150654,1,1,1,1,1,1
"Gene189","Gene189",3.05990825810474,1,3.05990825810474,1,1,1,1,1,1
"Gene190","Gene190",0.392824224107198,1,0.392824224107198,1,1,1,1,1,1.09986157106712
"Gene191","Gene191",5.06068915641711,1,5.06068915641711,1,1,1,1,1,1
"Gene192","Gene192",1.15028115571947,1,1.15028115571947,1,1,1,1,1,1
"Gene193","Gene193",0.0734284018258166,1,0.0734284018258166,1,1,1,1,1,1
"Gene194","Gene194",1.46077586015657,1,1.46077586015657,1,1,1,1,0.769451675110679,1
"Gene195","Gene195",2.7158974070628,1,2.7158974070628,1,1,0.628828235200016,1,1,1
"Gene196","Gene196",0.67943007420686,1,0.67943007420686,1,1,1,1,1,1
"Gene197","Gene197",0.721616130333025,27.76883443277,30.7669623892737,1,1,1,1,1,1
"Gene198","Gene198",0.827467474593892,1,0.827467474593892,1,1,1,1,1,1
"Gene199","Gene199",1.83289016103808,1,1.83289016103808,1,1,1,1,0.753444865725766,1
"Gene200","Gene200",0.104983585042468,1,0.104983585042468,1,1,1,1,1,1
"Gene201","Gene201",0.123094021599526,1,0.123094021599526,1,1,1,0.418473005024242,1,1
"Gene202","Gene202",1.39384365252714,1,1.39384365252714,1,1,1,1,0.897503933912644,1
"Gene203","Gene203",3.71118385746722,1,3.71118385746722,2.14898228344444,1,1,1,1,1
"Gene204","Gene204",2.34603860752697,63.7066698968121,70.5849113475222,1,1,1,1,1,1
"Gene205","Gene205",0.0520796446014926,1,0.0520796446014926,1,1,1,1,1,1
"Gene206","Gene206",0.238484008089419,1,0.238484008089419,1,1,1,1,1,1
"Gene208","Gene208",2.0549312010717,1,2.0549312010717,1,1,1,1,1,1
"Gene209","Gene209",0.277501417938623,1,0.277501417938623,1,1,1,1,1,1
"Gene210","Gene210",7.28958721041614,1,7.28958721041614,1,1,1,1,1,1
"Gene211","Gene211",0.717236384800594,1,0.717236384800594,1,1,1,1,1,1
"Gene212","Gene212",0.354026623702067,1,0.354026623702067,1,1,1,1,2.35876384879936,1
"Gene213","Gene213",3.11069832518022,1,3.11069832518022,1,1,1,1,1,1.32867240348726
"Gene214","Gene214",0.0675802952319677,1,0.0675802952319677,1,1,1,1,1,0.868752755541554
"Gene215","Gene215",4.09630920647821,1,4.09630920647821,1.13343442848002,1,0.942047336097066,1.67167906438835,1,1.04049135643112
"Gene216","Gene216",1.84328099883027,1,1.84328099883027,1,1,1,1,1,1
"Gene217","Gene217",1.19994395412145,1,1.19994395412145,1,1,1,1,1,1
"Gene218","Gene218",0.394308579710654,1,0.394308579710654,1,1,1,1,1,1
"Gene219","Gene219",3.59656267435953,1,3.59656267435953,1,1,1,1.41817122678536,1,0.617777368859952
"Gene220","Gene220",1.07150828966158,1,1.07150828966158,1,1,1,1,1,1
"Gene221","Gene221",4.09464257617316,1,4.09464257617316,1,1,1.08114461788853,1,1,1
"Gene222","Gene222",1.79981547425612,1,1.79981547425612,1,1,1,1,1,1
"Gene223","Gene223",1.98457950797577,1,1.98457950797577,1,1,1,0.748776514032207,1,1
"Gene224","Gene224",0.058291101534814,1,0.058291101534814,1,1,1,1,1,1
"Gene226","Gene226",5.1464980376567,1,5.1464980376567,0.698918668204145,1,1,1,1,1
"Gene227","Gene227",7.85445653084928,1,7.85445653084928,1.46772932540963,1,1,0.799827974330287,1,1
"Gene228","Gene228",0.458212207835718,1,0.458212207835718,1,1,1,1,1,1
"Gene229","Gene229",0.674739626351993,1,0.674739626351993,1,1,1,1,1,1.09658790587347
"Gene230","Gene230",0.604728111102043,1,0.604728111102043,1.17832492769091,1,1,1,1.07222749540073,1
"Gene231","Gene231",1.09864444419468,1,1.09864444419468,1,1,1.24483504315359,1,1,1
"Gene232","Gene232",0.290721664776607,1,0.290721664776607,0.864727338347359,1,1,1,0.679492954243257,1
"Gene233","Gene233",2.40450077941528,1,2.40450077941528,1,1,1,1,1,1
"Gene234","Gene234",0.0189941956761363,1,0.0189941956761363,1,1,1,1,1,1
"Gene235","Gene235",0.211283296176298,1,0.211283296176298,1,1,1,1,0.646664220647096,1
"Gene236","Gene236",1.26787481123742,1,1.26787481123742,1,1,1,1,0.904923880364672,1
"Gene237","Gene237",0.5067454884128,1,0.5067454884128,1,1,1,1,1,1
"Gene238","Gene238",0.662143665237746,1,0.662143665237746,1,1,1,1,1,1
"Gene239","Gene239",0.89887458673364,1,0.89887458673364,1,1,1,1,1,1
"Gene240","Gene240",3.43373206098799,1,3.43373206098799,1,1,1,1,1,1
"Gene241","Gene241",5.96054646538578,1,5.96054646538578,1,1,1,1.30144106313584,1,1
"Gene242","Gene242",3.01409542233464,1,3.01409542233464,1,1,1,1,1.39069144750196,1
"Gene243","Gene243",4.34756642218126,1,4.34756642218126,1,1,1,1,1,1.02958467116831
"Gene244","Gene244",3.88353815613452,1,3.88353815613452,1,1,1.75726988855864,1.50285307738565,1,1
"Gene245","Gene245",0.599560548274383,1,0.599560548274383,1,0.722845924252475,1,1,1,1
"Gene246","Gene246",1.75224489822917,1,1.75224489822917,1,1,1,1,1,1
"Gene247","Gene247",0.571030471444007,1,0.571030471444007,2.00990086997299,1,1,1,1,1
"Gene248","Gene248",0.160066702267174,1,0.160066702267174,1,1,1,1,1,1.43937146533733
"Gene249","Gene249",2.14377004226258,1,2.14377004226258,1,1.85326077838722,1,0.611948518275389,1,0.449784239775259
"Gene250","Gene250",1.34849362475711,1,1.34849362475711,1,1,1,1,1,1
"Gene251","Gene251",0.563228430162572,1,0.563228430162572,1,1,1,1,0.777691674476508,1
"Gene252","Gene252",6.39824297866694,45.4449543060953,50.3515263956443,1,1,1,1,1,1
"Gene253","Gene253",8.00226673274005,1,8.00226673274005,1,1,1,1,1,1
"Gene254","Gene254",0.769308339543416,1,0.769308339543416,1,1,1,1,0.574596126063487,1
"Gene255","Gene255",0.0713188948484068,1,0.0713188948484068,1,1,1,1,1,1
"Gene256","Gene256",2.38792280381431,1,2.38792280381431,1.66411699666718,1,1,1,0.639917301129794,1
"Gene258","Gene258",1.74011987150386,1,1.74011987150386,1,1,0.703462729936263,1,1,0.938263402220639
"Gene259","Gene259",1.25073355125652,1,1.25073355125652,1,1,1,1,1,1
"Gene260","Gene260",4.09431904124787,1,4.09431904124787,1,1,1,1.45022533566946,1.08403055327135,1
"Gene261","Gene261",0.218875698021945,1,0.218875698021945,0.997803917697285,1,0.742607184561279,1,1,1
"Gene262","Gene262",3.75726295376788,1,3.75726295376788,1,1,1,1,1,1
"Gene263","Gene263",0.704468024713243,1,0.704468024713243,1,1,1,1,1,1
"Gene264","Gene264",0.115622665618112,1,0.115622665618112,1,1,1,0.691732102230325,1.02810530606256,1
"Gene265","Gene265",2.95070913024357,1,2.95070913024357,1,1,0.879423258336119,0.732852783904786,1,1
"Gene266","Gene266",2.15614313414492,1,2.15614313414492,1,1.72139965991571,1,1,0.614079033357849,1
"Gene267","Gene267",5.1042946913692,1,5.1042946913692,1.03378533442895,1,1,1,1,1
"Gene268","Gene268",0.0395663051769738,1,0.0395663051769738,1,1,1,1,1,1
"Gene269","Gene269",2.44422804279155,1,2.44422804279155,1,1,1,1,1,1
"Gene270","Gene270",10.0660297822448,1,10.0660297822448,1,1,1,1,1,1
"Gene271","Gene271",0.199593699541976,1,0.199593699541976,1,0.973847922074866,1,1,1,1
"Gene272","Gene272",0.205111074811075,1,0.205111074811075,1,1,1,1,1,1
"Gene273","Gene273",0.110270215819725,1,0.110270215819725,1,1,1,1,1,1
"Gene274","Gene274",8.80526258850748,1,8.80526258850748,1,1,1,1,1,1
"Gene275","Gene275",0.452493384549335,1,0.452493384549335,1,1,1.6292438482292,1,1,1
"Gene276","Gene276",1.63905291998296,1,1.63905291998296,1,1,1,1,1,1
"Gene277","Gene277",0.637800729576448,1,0.637800729576448,1,1,1,1,1,1
"Gene278","Gene278",2.69700786786697,1,2.69700786786697,1,1,1,1,0.80005423485945,0.797260197780969
"Gene279","Gene279",0.956422203143257,1,0.956422203143257,1,1,1,1,1,1
"Gene280","Gene280",0.153848616546172,1,0.153848616546172,1,1,1,1,1,1
"Gene281","Gene281",1.0524702270827,1,1.0524702270827,1,1,1,1,1,1
"Gene282","Gene282",6.53836852803996,1,6.53836852803996,1,1,1,1,1,1
"Gene283","Gene283",0.316841404596066,1,0.316841404596066,1.0686047208715,1,1,1,1,1
"Gene284","Gene284",1.15511452134969,1,1.15511452134969,1,1,1,1,1,1
"Gene285","Gene285",4.88983871130845,1,4.88983871130845,1,1,1,1,1,1
"Gene286","Gene286",1.80879923536355,1,1.80879923536355,1,1,1.25108866047229,1,1,1
"Gene287","Gene287",0.47703730824858,1,0.47703730824858,1,1,1,1,1,1
"Gene288","Gene288",4.23494219997851,1,4.23494219997851,0.794057572174078,1,1.04517106962097,2.3160233218133,1,1
"Gene289","Gene289",2.5317144960971,1,2.5317144960971,1,1,1,1,1,1
"Gene290","Gene290",1.20980773892026,1,1.20980773892026,1.45615403572263,1,1,1,0.656553051841461,1
"Gene291","Gene291",1.25875668139048,1,1.25875668139048,1,1,1,1,1,1
"Gene292","Gene292",0.152191815598763,1,0.152191815598763,1,1,1.03099510137559,1,1,1
"Gene294","Gene294",0.377380676349467,1,0.377380676349467,1,1,1,1.52288516136104,1,1
"Gene295","Gene295",0.815433126539898,1,0.815433126539898,1,1,1,1,1,1
"Gene296","Gene296",0.511549483370498,1,0.511549483370498,1,1,1,1,1,1
"Gene297","Gene297",0.0537853941107889,1,0.0537853941107889,1.29348579970956,1,1,0.670321764359323,1,1
"Gene298","Gene298",7.44398412787822,1,7.44398412787822,1,0.611915535975418,1,1,1,1
"Gene299","Gene299",3.08446214732531,1,3.08446214732531,1,1,1,1,1,1.12719409806783
"Gene300","Gene300",0.160156060286305,1,0.160156060286305,1,1,1,1,1,0.863860965550568
"Gene301","Gene301",3.33054549920281,1,3.33054549920281,1.0280733768443,0.983571285298612,1,1,1,1
"Gene303","Gene303",1.69156813771221,1,1.69156813771221,1,1,1,1,1,1
"Gene304","Gene304",3.58571217313332,1,3.58571217313332,1,1,1,1,1,1.1558907814206
"Gene305","Gene305",0.941253266947445,1,0.941253266947445,1,1,1,1,1,1
"Gene306","Gene306",0.0405647264310899,1,0.0405647264310899,1,1,1,1,1,1
"Gene307","Gene307",0.935007049628047,1,0.935007049628047,1,1,1,1,1,1
"Gene308","Gene308",0.534790181608263,1,0.534790181608263,1,1.21585327883168,1,1,1,1
"Gene309","Gene309",0.0448177490064802,1,0.0448177490064802,1,1,1,1,1,1
"Gene310","Gene310",0.446493441244092,1,0.446493441244092,1,1,1,1,1,0.924759316397361
"Gene311","Gene311",0.820499471388185,1,0.820499471388185,1,1,1,1,1.37544497033901,1
"Gene313","Gene313",0.750419785642322,1,0.750419785642322,1,1,1,1.06156844274122,1,1
"Gene314","Gene314",0.862072373198339,1,0.862072373198339,1,1,1,1,1,1
"Gene315","Gene315",3.04371416323521,1,3.04371416323521,1,1,1,1,1,1
"Gene316","Gene316",0.493611066071541,1,0.493611066071541,1,1,1,1,1,1
"Gene317","Gene317",1.17193846127403,1,1.17193846127403,1,1,1,1,1,1
"Gene318","Gene318",0.113355274290265,1,0.113355274290265,1,1,1,0.936602111755777,1,0.38807922714656
"Gene319","Gene319",1.07554916486998,1,1.07554916486998,1,1,1,1,0.694831464265642,1
"Gene320","Gene320",0.106763285164834,1,0.106763285164834,1,1,1,1,1,1
"Gene321","Gene321",0.185067196728428,1,0.185067196728428,1,1,0.948876906655444,1,1,1
"Gene322","Gene322",3.66442218750718,1,3.66442218750718,1.10613876460778,1,0.63291220869714,1,1,1
"Gene323","Gene323",7.48361884171369,1,7.48361884171369,1,1,1,1,1,1
"Gene324","Gene324",2.19310437237307,1,2.19310437237307,1,1,1,1,1,1
"Gene325","Gene325",0.03667054375086,1,0.03667054375086,1,1,1.20255180633857,0.839184317122511,1,0.651489366126033
"Gene326","Gene326",2.03204889383066,79.870584277931,88.4940010153422,0.56377112584225,1,1,1,1.48492250263579,1
"Gene327","Gene327",1.57243265917494,1,1.57243265917494,0.839012213432801,1,1,1,1,1
"Gene328","Gene328",1.04665245491846,1,1.04665245491846,1,1,1,1,1,1
"Gene329","Gene329",2.18382165035106,1,2.18382165035106,1,1,1,1,1,1
"Gene330","Gene330",0.74360446142676,1,0.74360446142676,1,1,1,1,1,1
"Gene331","Gene331",1.39354052163518,1,1.39354052163518,0.412531187058602,1,1,1,1,1
"Gene332","Gene332",1.20999576743437,1,1.20999576743437,1,1,1,1,1,1
"Gene333","Gene333",3.72878742357361,1,3.72878742357361,1,1,1,1,1,1
"Gene334","Gene334",0.221062431147955,1,0.221062431147955,1,1,1,1,1,1
"Gene335","Gene335",0.431423481525339,1,0.431423481525339,1,1,1,1,1,1
"Gene336","Gene336",0.13539204473363,1,0.13539204473363,1,1,1,1,1,1
"Gene338","Gene338",2.10621688722992,1,2.10621688722992,1,1,1,1,1,1
"Gene339","Gene339",2.09982217473351,1,2.09982217473351,1,1,1,1,1,1
"Gene340","Gene340",1.19345524345306,1,1.19345524345306,1,1,1,1,1,0.676056192146498
"Gene341","Gene341",0.757599202519878,29.8328714467527,33.0538480463948,1,1,1,1,1,0.369664988518541
"Gene342","Gene342",0.135053208176609,1,0.135053208176609,1,1.44725797296338,0.908907529652596,1,1,1
"Gene343","Gene343",0.688249654489228,1,0.688249654489228,1,1,1,1,1,1
"Gene344","Gene344",3.44736532922442,1,3.44736532922442,1,1,1,1,2.2865537054793,1
"Gene345","Gene345",3.33560367030562,1,3.33560367030562,1,1,1,1,1,1
"Gene346","Gene346",0.181427233102356,1,0.181427233102356,1,1,1,1.3411761997141,1,1
"Gene347","Gene347",1.66831703107339,1,1.66831703107339,1,1,1,1,1,1
"Gene348","Gene348",4.80193059451275,1,4.80193059451275,1.07978739920509,1,1,1,1,1
"Gene349","Gene349",0.144346776208431,1,0.144346776208431,1,1,1,1.41685058947694,1,1
"Gene350","Gene350",2.12002758238962,1,2.12002758238962,1,1,1,1,1.26000654909296,1
"Gene351","Gene351",0.614168114237097,1,0.614168114237097,1,1,1,1,1,1
"Gene352","Gene352",0.988784284001115,1,0.988784284001115,1,1,1,1,1,1
"Gene353","Gene353",4.20644230768214,1,4.20644230768214,1,1,1,1,1,1
"Gene354","Gene354",2.49699915762374,1,2.49699915762374,1,1,1,1,1,1
"Gene355","Gene355",1.57179252005248,1,1.57179252005248,1,0.933051701630041,1,1,1,1
"Gene356","Gene356",2.51447703460626,1,2.51447703460626,1,1,1,1,1,1
"Gene357","Gene357",3.49332005481055,1,3.49332005481055,1,1,1,1,1,1
"Gene358","Gene358",3.16110546268422,1,3.16110546268422,1,1,1,1,1,1
"Gene359","Gene359",1.49407786583402,1,1.49407786583402,1,1,1,1,1,1
"Gene360","Gene360",4.05244701786231,1,4.05244701786231,1,1,0.988218719266974,1,1,1
"Gene361","Gene361",1.33711910429933,1,1.33711910429933,0.662057293958144,1,1,1,1,1
"Gene362","Gene362",6.06802390610442,1,6.06802390610442,1,1,1,1,1,1
"Gene363","Gene363",1.09200076786264,1,1.09200076786264,1,1,1,1,1,1
"Gene364","Gene364",0.0493548895697016,1,0.0493548895697016,1,0.902064495638125,1,1,1,1
"Gene365","Gene365",0.100904451134073,1,0.100904451134073,1.42439475881293,1,1,1,1,0.369507759627315
"Gene366","Gene366",0.140200129277765,1,0.140200129277765,1,1,1,1,1,1
"Gene367","Gene367",0.323302859292439,1,0.323302859292439,1,1,1,1,1,1
"Gene369","Gene369",1.47733669717255,1,1.47733669717255,1,1,0.809964458645455,1,1,1
"Gene370","Gene370",1.71264241350385,1,1.71264241350385,1,1,1.63154351253435,1,1,1
"Gene371","Gene371",6.87459634787881,1,6.87459634787881,1,1,1,1,1,1
"Gene372","Gene372",0.187927019490454,1,0.187927019490454,1,1,1,1,1,1
"Gene373","Gene373",1.39982270999302,1,1.39982270999302,1,1.70043079641616,1,1,1,1
"Gene374","Gene374",3.49600205318341,1,3.49600205318341,1,1,1,1,1,1
"Gene375","Gene375",1.9538332620345,1,1.9538332620345,1,1,1,1,1,1
"Gene376","Gene376",7.04427396085302,1,7.04427396085302,1,1,1,1,1,1
"Gene377","Gene377",5.6940369887864,1,5.6940369887864,0.811219542333511,1,1,1,1,1
"Gene378","Gene378",0.545822785055794,21.0251982273488,23.2952335343423,1,1,1,1,1,0.681397938114756
"Gene379","Gene379",0.764330445977956,1,0.764330445977956,1,1.50546448097292,1,1,1.28955983320551,0.533441553650026
"Gene380","Gene380",3.80733290118026,1,3.80733290118026,1,1.49721783846602,1,1,1,1
"Gene381","Gene381",1.37440601357895,1,1.37440601357895,1,1,1,0.932634371235824,1,1
"Gene382","Gene382",0.173902914250497,1,0.173902914250497,1,1,1,1,1,1
"Gene383","Gene383",0.55636150158032,1,0.55636150158032,1,1,1,1,1,1
"Gene384","Gene384",1.24820110001396,1,1.24820110001396,1,1,1,1,0.466244259120984,1
"Gene385","Gene385",0.534923480597954,1,0.534923480597954,1,1,1,1,1,1
"Gene386","Gene386",1.32708978209088,1,1.32708978209088,1,1,1,1,1,1
"Gene388","Gene388",1.7687251527258,1,1.7687251527258,1,1,1,1,1,1
"Gene390","Gene390",1.44686544134873,1,1.44686544134873,1,1,1,1,1,1
"Gene393","Gene393",1.28772930584816,1,1.28772930584816,1,1,1,1,1,1
"Gene394","Gene394",0.280500456575283,1,0.280500456575283,1,1,1,1,1,1
"Gene395","Gene395",0.0998534378862195,1,0.0998534378862195,1,1,1,1,1,1
"Gene396","Gene396",0.236238947764853,1,0.236238947764853,1,1.58794583318639,1,1,1,0.916786427072612
"Gene397","Gene397",4.88566918258217,42.5689582034172,47.1650165643791,0.814254243450356,1,1,1,1,1
"Gene398","Gene398",1.03720365455042,1,1.03720365455042,1,1,1,1,1,1
"Gene400","Gene400",5.28761221897126,1,5.28761221897126,1,1,1,1,1,1
"Gene401","Gene401",2.98620679384364,39.7050246305141,43.9918716224761,1,1,1,1,1,1
"Gene402","Gene402",7.25216511671149,1,7.25216511671149,1,1,1,1,1,1
"Gene403","Gene403",3.0298766192116,1,3.0298766192116,0.822799117636031,1,0.701427521335696,1.1144791312311,1,1
"Gene404","Gene404",3.51788384467517,1,3.51788384467517,1,1,0.870721714838187,1,0.542647455448867,1
"Gene405","Gene405",0.114697668616893,1,0.114697668616893,1,1,1,1,1,1
"Gene406","Gene406",0.238083718119372,1,0.238083718119372,1,1,1,1,1,1
"Gene407","Gene407",0.26624329519028,1,0.26624329519028,1,1,1,1,1,1
"Gene408","Gene408",4.36657720740357,1,4.36657720740357,1,1.06360695469581,1,1,1,1
"Gene409","Gene409",1.44201371736825,1,1.44201371736825,1,1,1,1,1,1
"Gene411","Gene411",0.0302617208482967,76.5631557817674,84.8294781707466,1,1,1,1,1,1
"Gene412","Gene412",0.187900648696188,1,0.187900648696188,1,1.20114901117499,0.806251451370102,1,1,1
"Gene413","Gene413",0.00684159079473952,21.4407750414588,23.7556790831295,1,1,1,0.702156106571183,1,1
"Gene415","Gene415",7.50936127637596,1,7.50936127637596,1,1,1,1,1,1
"Gene417","Gene417",0.0250142146151122,1,0.0250142146151122,1,1,1,1,1,1
"Gene418","Gene418",0.19580257374067,1,0.19580257374067,1,1,1,1,1,1
"Gene419","Gene419",1.94155655731368,1,1.94155655731368,1,1,0.873597145387705,1,1,1
"Gene421","Gene421",0.0530649324184308,1,0.0530649324184308,1,1,1,1,1,1
"Gene422","Gene422",7.49045620434198,1,7.49045620434198,0.668559115441152,1,1,1,1,1
"Gene423","Gene423",1.42668246056398,1,1.42668246056398,1.0976505607586,1,1,1,1,1
"Gene424","Gene424",3.46232675069816,1,3.46232675069816,1,1,1,1,1,1
"Gene425","Gene425",0.12722794442465,1,0.12722794442465,1,1,1,1,1.41804366364493,1
"Gene426","Gene426",0.296239128345674,1,0.296239128345674,1,1,1,1,1,1
"Gene427","Gene427",2.82345588856765,1,2.82345588856765,1,1,1,1,1,1
"Gene428","Gene428",0.572450847068293,1,0.572450847068293,1.49813982273506,1,1,1,1,1
"Gene429","Gene429",0.540703409059093,1,0.540703409059093,1,1,1,1,1,1
"Gene430","Gene430",7.8628678479605,1,7.8628678479605,1,1,1,1,1,1
"Gene431","Gene431",0.100633313990058,1,0.100633313990058,1,1,1,1,1,1
"Gene432","Gene432",1.22801433691021,1,1.22801433691021,1,1.94041554456758,1,1,1,1
"Gene433","Gene433",0.112523761810886,1,0.112523761810886,1,1.30492179168819,1,1.25919246729857,1,1
"Gene434","Gene434",4.82047865358963,1,4.82047865358963,1.03176366484729,1,1,1,1.37349469005544,1
"Gene435","Gene435",0.0938391186284593,1,0.0938391186284593,1,1,1,1,1,1
"Gene436","Gene436",1.74758504315726,1,1.74758504315726,1,1,1,1,1,0.438519967135039
"Gene437","Gene437",2.18533404475304,1,2.18533404475304,1,1,1,1,1,1
"Gene438","Gene438",1.36823886912469,1,1.36823886912469,1,1,1,1,1,1
"Gene439","Gene439",0.425678824566156,1,0.425678824566156,1,1,1.21766899893357,1,1,1
"Gene440","Gene440",1.03617935371939,1,1.03617935371939,1,1,1,1,1,1
"Gene441","Gene441",0.22210846864876,1,0.22210846864876,1,1,1,1,1,1.01910001022843
"Gene442","Gene442",2.03135060487336,1,2.03135060487336,1,1,1,1,1,1
"Gene443","Gene443",0.0811788174191503,1,0.0811788174191503,1,1,1,1,1,0.682430634970731
"Gene444","Gene444",0.359181725784266,1,0.359181725784266,1,1,1,1,1,1
"Gene445","Gene445",0.287722610203234,1,0.287722610203234,1,1,1,0.664585014799924,1,1.46436125302684
"Gene446","Gene446",0.179096435600872,1,0.179096435600872,1,1,1,1,1,1
"Gene447","Gene447",0.708272955199484,1,0.708272955199484,1,0.778788237596601,1.0714976228298,1,0.918826060114896,1
"Gene448","Gene448",2.95357516949539,1,2.95357516949539,1,1,1,1,1,1
"Gene449","Gene449",0.69428759830933,1,0.69428759830933,1,1,1,1,1,1
"Gene450","Gene450",1.14492462811828,1,1.14492462811828,1,1,1,1,0.770912617876934,1
"Gene451","Gene451",2.89281822967182,1,2.89281822967182,1,1,1,1,1,0.933365296612662
"Gene452","Gene452",0.963995509746153,1,0.963995509746153,1,1.08176273444313,1,1,1,1
"Gene453","Gene453",0.238016652947076,1,0.238016652947076,1,1,1,1,1,1
"Gene454","Gene454",0.075113099358655,1,0.075113099358655,1,1,1,1,1,1
"Gene456","Gene456",9.72977747728406,1,9.72977747728406,1,1,1,1,1,1
"Gene457","Gene457",3.19656089089759,1,3.19656089089759,1,1,1,1,1,1
"Gene458","Gene458",1.1230669139135,1,1.1230669139135,1.00612403338875,1,1,1,1,1
"Gene459","Gene459",8.60981313425917,1,8.60981313425917,1,1,1,1,1,1
"Gene460","Gene460",1.8490175052857,1,1.8490175052857,1,1,1,1,1.70702488805782,1
"Gene461","Gene461",0.572476822911727,1,0.572476822911727,0.932768345630148,1,1,1,1,1
"Gene462","Gene462",6.34463380443771,1,6.34463380443771,1.45602314699876,1,1,1,1,1
"Gene463","Gene463",0.224723615535698,1,0.224723615535698,1,1,1,1,1.13086320223898,1
"Gene464","Gene464",1.72358040780626,1,1.72358040780626,1,1,1,1,1,0.571037100801503
"Gene465","Gene465",2.932349335234,1,2.932349335234,1,1,1,1,1,1
"Gene466","Gene466",2.38076894201514,1,2.38076894201514,1,1,1,0.423400559774471,1,1
"Gene467","Gene467",0.122824379560511,1,0.122824379560511,1,1,1,1,1,0.826252893910344
"Gene468","Gene468",0.0691729684598335,1,0.0691729684598335,1,1,1,1,1,1
"Gene469","Gene469",2.97058722837914,1,2.97058722837914,1,1,1,1,1,1
"Gene470","Gene470",0.0283123390369407,1,0.0283123390369407,1,1,1,1,1,1
"Gene471","Gene471",0.57201010380936,1,0.57201010380936,1,1,0.532959882064231,1,1,1
"Gene472","Gene472",0.671950120624303,1,0.671950120624303,1,1,1,1,1,1
"Gene473","Gene473",1.62540852585836,1,1.62540852585836,1,1,1,1,1,1
"Gene474","Gene474",2.26598857153333,1,2.26598857153333,1,1,1,1,1,1
"Gene476","Gene476",3.8846193248588,1,3.8846193248588,1,1,1,1,1,1
"Gene477","Gene477",3.77837916286014,1,3.77837916286014,1,1,1,1,1,1
"Gene478","Gene478",0.719265334985143,1,0.719265334985143,1,1,1,1,1,1
"Gene479","Gene479",0.429713479110066,1,0.429713479110066,1,1,0.559571052014434,0.869797962368891,1,1
"Gene480","Gene480",7.56884756753806,1,7.56884756753806,1,1,1,1,1,1
"Gene481","Gene481",0.695805475669151,1,0.695805475669151,1,1,1,1,1,1
"Gene482","Gene482",0.457471462261498,1,0.457471462261498,1,1,1,1,1,1
"Gene483","Gene483",7.97645478944491,1,7.97645478944491,1,1,1,0.985351783661806,0.461014364354547,1
"Gene484","Gene484",1.90145435051621,1,1.90145435051621,1,1,1,1,1,1
"Gene485","Gene485",8.00658692065619,1,8.00658692065619,1,0.880286271145979,1,1,1,1
"Gene486","Gene486",1.44843631101439,1,1.44843631101439,1,1,1,1,1,1
"Gene487","Gene487",0.33586816090211,1,0.33586816090211,1,1,1,1,1,1
"Gene488","Gene488",1.36679822310706,1,1.36679822310706,1,1,1,1,1,1
"Gene489","Gene489",0.0420656226865747,1,0.0420656226865747,1,1,1,1,1,1
"Gene490","Gene490",0.7613292662481,1,0.7613292662481,1,1,1,1,1,1
"Gene491","Gene491",0.616649666203315,1,0.616649666203315,1,1,1,1,1,1
"Gene492","Gene492",2.22566214550222,1,2.22566214550222,1,1,1,1,1,1
"Gene493","Gene493",1.49946523740955,1,1.49946523740955,1,1,1,1,1,1
"Gene494","Gene494",3.20388965876713,1,3.20388965876713,1,1,1,1,1,1
"Gene495","Gene495",6.47520601118884,1,6.47520601118884,1,1,1,1,1,1
"Gene496","Gene496",6.54737812815451,1,6.54737812815451,1,1,1,1,0.800478951043659,1
"Gene497","Gene497",0.999067107915115,31.9996113326754,35.4545251341898,1,1,1,1,1,1
"Gene498","Gene498",0.256237017802627,1,0.256237017802627,1,0.709001185329015,1,1,1,1
"Gene499","Gene499",1.23435336263671,1,1.23435336263671,1,1.22990591802381,0.84417855406627,1,1,1
"Gene500","Gene500",0.0821111639216741,1,0.0821111639216741,1,2.02019927383301,1,1,1,1
"Gene501","Gene501",0.114015220506177,1,0.114015220506177,1,1,1,1,1,1
"Gene502","Gene502",0.0509974355568797,1,0.0509974355568797,1,1,1,1,1,1
"Gene503","Gene503",2.05412939540541,1,2.05412939540541,1,1,1.07452927816348,1,1,1
"Gene504","Gene504",2.34233552632469,1,2.34233552632469,1,1,0.549279676840135,1,1,1
"Gene505","Gene505",5.35280470006979,1,5.35280470006979,1,1,1.57389269255741,1,1,1
"Gene506","Gene506",4.67611412417569,1,4.67611412417569,1,1,1,1,1,1
"Gene507","Gene507",2.25749112088601,1,2.25749112088601,1,1,1,1,1,0.749736742319159
"Gene508","Gene508",4.30276683865205,1,4.30276683865205,1,1,1,1,1,1
"Gene509","Gene509",7.94943376910169,1,7.94943376910169,1,1,1,1,1,1.28494029526472
"Gene510","Gene510",6.468365850878,1,6.468365850878,1,1,1,1.23910977259287,1,1
"Gene511","Gene511",0.228894096334468,1,0.228894096334468,1,1,1,1.27321311056785,1,1
"Gene512","Gene512",0.194939854552055,1,0.194939854552055,1,1,1,1,1,1
"Gene513","Gene513",0.28742328972739,1,0.28742328972739,1,1,1,1,1,1
"Gene514","Gene514",0.00856181735780884,51.2644378265179,56.7993242328681,1,1,1.07987276010826,1,1,1
"Gene516","Gene516",9.8624620999161,1,9.8624620999161,1,1,1,1,1,1
"Gene517","Gene517",5.59137134958105,1,5.59137134958105,1,1,1,1,1,1
"Gene518","Gene518",0.356750297830801,1,0.356750297830801,1,1,1,1,1,1
"Gene519","Gene519",0.0796329248565204,1,0.0796329248565204,1,1,1,0.237533582866014,1,1
"Gene520","Gene520",10.2594325711557,1,10.2594325711557,1.68233073065472,1,1,1,1,1
"Gene521","Gene521",0.447057147674428,37.7829442614706,41.8622692955691,1,1,1,1,1,1
"Gene522","Gene522",1.17637487576499,1,1.17637487576499,1,1,1,0.944915308326723,1,1
"Gene523","Gene523",6.94298823632903,1,6.94298823632903,1,1,1,1,1,1
"Gene524","Gene524",3.67360778139933,1,3.67360778139933,1,1,1,1,1,1
"Gene525","Gene525",0.154618930240653,1,0.154618930240653,1,1,1,1.79605796096331,1,1
"Gene526","Gene526",2.10144309529911,1,2.10144309529911,1,1,1,1,1,1
"Gene528","Gene528",0.108895681923689,1,0.108895681923689,1,1,1,0.946658289294273,0.530630277852497,1
"Gene529","Gene529",9.36658683891235,1,9.36658683891235,1,1,1,1,1,1
"Gene530","Gene530",6.60950412600776,1,6.60950412600776,0.459502912583507,0.765644834097613,1,1,1,1
"Gene531","Gene531",4.05074103472767,1,4.05074103472767,1,1,1,1,1,1
"Gene532","Gene532",1.47575173044709,1,1.47575173044709,1,1,1,1,1,1
"Gene533","Gene533",5.01223495757719,49.6192615181857,54.9765225691998,1,1,1,1,1,1
"Gene534","Gene534",0.0606164021321835,29.989576410638,33.227472032729,1,1,1,1,1,1
"Gene535","Gene535",7.85652210867405,1,7.85652210867405,1,1,1,1,1,1.16204739574426
"Gene536","Gene536",1.16561108539708,1,1.16561108539708,1,1,1,1,1,1
"Gene537","Gene537",0.906580490975425,1,0.906580490975425,1,1,1,1,1,1
"Gene538","Gene538",9.36399984555097,1,9.36399984555097,1,1,1,1,1,1
"Gene539","Gene539",1.3943754575023,1,1.3943754575023,1,1,1,0.726974089924356,1.73569419399981,1
"Gene540","Gene540",2.89708509787278,1,2.89708509787278,1,1,1,1,1,1
"Gene541","Gene541",0.576197745660687,1,0.576197745660687,1,1,1,1,1,1
"Gene542","Gene542",1.80261939343979,1,1.80261939343979,1,1,1,1,1,0.934550146021263
"Gene543","Gene543",0.0285195192385266,1,0.0285195192385266,1,1,1,1,1,1
"Gene544","Gene544",9.31777634101216,1,9.31777634101216,0.903764713341597,1,1,1,1,1
"Gene545","Gene545",3.19959437156771,1,3.19959437156771,1,1,1,1,1,1
"Gene546","Gene546",0.445624410935238,36.1570767710287,40.0608611720312,1,1,1,1,1,1
"Gene547","Gene547",1.62222536831979,34.4749738242922,38.1971459980139,1,1.19988411073387,1,1,1,1
"Gene548","Gene548",0.205632285215848,1,0.205632285215848,1,1.83055927006207,1,1,1,1
"Gene549","Gene549",0.219893242653415,1,0.219893242653415,1,1,1,1,0.577143629071601,1
"Gene550","Gene550",3.73759091435283,1,3.73759091435283,1,1,1,1,0.966979965448897,1
"Gene551","Gene551",0.128648945037571,1,0.128648945037571,1,1,1,1,1,0.679333740091503
"Gene552","Gene552",3.84227946008202,1,3.84227946008202,1,1,1,1,1,1
"Gene553","Gene553",5.41625881387531,1,5.41625881387531,1,1,1,1,1,1
"Gene554","Gene554",4.79376335584285,22.8297800933065,25.2946513540822,1,1,1.47835464260396,1,1,1
"Gene555","Gene555",16.2536678816779,1,16.2536678816779,1.57165255253157,1,1,1,1,1
"Gene557","Gene557",0.375345888084185,1,0.375345888084185,1,1,1,1,1,1
"Gene559","Gene559",2.0863277024352,1,2.0863277024352,1,1,1,1,1,1
"Gene560","Gene560",1.41164629457358,1,1.41164629457358,1,1,1,1,1,1
"Gene562","Gene562",0.0523449443313472,1,0.0523449443313472,1,1,1,1,1,1
"Gene563","Gene563",4.8196114420681,66.1231367528552,73.2622777690335,1,1,1,1,1,1
"Gene564","Gene564",1.92443417845576,1,1.92443417845576,1,0.981570760625847,0.810518335884,1,1,1
"Gene565","Gene565",6.6335264850728,1,6.6335264850728,1,1,1,1,1,1
"Gene566","Gene566",0.519264078141335,41.6568278174282,46.1544058616584,1,1,1,1,1,1
"Gene567","Gene567",0.361532583242275,1,0.361532583242275,0.487073067228741,0.612212097075529,1,1,1,1
"Gene568","Gene568",2.7725761884209,1,2.7725761884209,1,1,1,1,1,1
"Gene569","Gene569",2.58870169574977,1,2.58870169574977,1,1,0.86857070246443,1,1,1
"Gene570","Gene570",0.582567205576067,1,0.582567205576067,1,0.650338275983573,1,1,1,1
"Gene571","Gene571",21.0476394225938,1,21.0476394225938,1.39264173691006,1,1,1,1,1
"Gene572","Gene572",5.42878846310527,1,5.42878846310527,1,1,1,1,1,1
"Gene573","Gene573",4.2161133185643,1,4.2161133185643,1,1,1,1,1,1
"Gene574","Gene574",2.64863192975015,1,2.64863192975015,1,1,1,1,1,0.896351146848695
"Gene575","Gene575",1.12213153735902,1,1.12213153735902,1,1,1,1,1,1
"Gene576","Gene576",3.28309832281373,1,3.28309832281373,1,1,1,1,1,1.48879560537176
"Gene577","Gene577",0.487380577576272,1,0.487380577576272,1,1,1,1,1,1.02458209265503
"Gene578","Gene578",0.656693180092141,1,0.656693180092141,1,1,1,1,1,0.74254004063184
"Gene579","Gene579",0.143257890175202,1,0.143257890175202,1,0.728486538133053,1,1,1,1
"Gene580","Gene580",0.290536873606993,41.3482232126673,45.8124820300759,1,1,1,1,1,1
"Gene581","Gene581",0.364364040229693,1,0.364364040229693,1,1.66989300175375,1,1.06199323857044,1,1
"Gene582","Gene582",0.0434701172051392,95.0572427726797,105.320323051217,1,1,1,1,1,1
"Gene583","Gene583",0.467762675967912,1,0.467762675967912,1,1,0.740290884820132,1,1,1
"Gene584","Gene584",0.431333850884335,1,0.431333850884335,1,1,1,1,1,1
"Gene585","Gene585",0.263253299282874,1,0.263253299282874,1,1,1,1,1,1
"Gene586","Gene586",1.01469412918643,1,1.01469412918643,1,1,1,2.15003109636407,1,1
"Gene587","Gene587",4.9199644584977,1,4.9199644584977,1,1,1,1,1,1
"Gene588","Gene588",0.815412149703267,1,0.815412149703267,1,1,1,1,1,1
"Gene589","Gene589",3.94109087813107,1,3.94109087813107,1,1,1,1,1,1
"Gene590","Gene590",2.87998638900055,1,2.87998638900055,1,1,1,1,1,1
"Gene591","Gene591",3.47523854614335,1,3.47523854614335,1,1,1,1,1,1
"Gene592","Gene592",0.0164854177471691,1,0.0164854177471691,1,1,1,1,1,1
"Gene593","Gene593",1.11197466662823,1,1.11197466662823,1,1,1,1,1,1
"Gene594","Gene594",0.485285737857597,1,0.485285737857597,1,1,1,1,1,1
"Gene595","Gene595",7.83211538531656,1,7.83211538531656,1,1,1,1,1,1.45165008612178
"Gene596","Gene596",3.46413071493455,1,3.46413071493455,1,1,1,1,1,1
"Gene597","Gene597",0.599739498767517,1,0.599739498767517,1,1,1,1,1,1
"Gene598","Gene598",6.31284465904206,1,6.31284465904206,1,1,1,1,1,1
"Gene599","Gene599",0.885130292078617,1,0.885130292078617,1,1,1,1,1,1
"Gene600","Gene600",0.35059911361797,1,0.35059911361797,1,1,1,1,1,1
"Gene601","Gene601",0.189601726819,1,0.189601726819,0.953451742731699,1,1,1,1,1
"Gene602","Gene602",2.14326684013271,1,2.14326684013271,0.709536874822406,1,1.10618824368495,1,1,1
"Gene603","Gene603",0.109488030343884,1,0.109488030343884,1,1,1,1,1,1.32408323148318
"Gene604","Gene604",10.2359904912538,1,10.2359904912538,1,1,1,1,1,1
"Gene605","Gene605",0.00970462696445362,76.2388974306152,84.4702104989809,0.829436972334963,1,1,1,1,1
"Gene606","Gene606",0.21010202962774,1,0.21010202962774,1,1,1.5858507217262,1,1,1
"Gene607","Gene607",0.602740766533437,1,0.602740766533437,1,1,1,1,1,1
"Gene608","Gene608",3.81699396982406,1,3.81699396982406,1,1,1,1,1,1
"Gene609","Gene609",3.48620330308714,1,3.48620330308714,1,1,1,1,1,1
"Gene610","Gene610",0.784204208571137,1,0.784204208571137,1,1,1,1,1,1
"Gene611","Gene611",0.174651979562117,1,0.174651979562117,1,1,1,1.03996511779918,1,1
"Gene612","Gene612",1.67149285522015,1,1.67149285522015,1,1,1,1,1,1
"Gene613","Gene613",4.42256892888625,1,4.42256892888625,1,0.960376266465289,0.985131445750623,1,1,1
"Gene614","Gene614",1.49301252445607,1,1.49301252445607,1,1,1,1,1,1
"Gene616","Gene616",0.64953789740052,1,0.64953789740052,1,1,1,1,1,1
"Gene617","Gene617",0.147639270468124,1,0.147639270468124,1,1,1,1,1,1
"Gene618","Gene618",0.656226149981739,1,0.656226149981739,1.36407492636679,0.908509331911177,1,1,1,1
"Gene619","Gene619",0.803225306225103,1,0.803225306225103,1,1,1,1,1,1
"Gene620","Gene620",2.07942054304401,1,2.07942054304401,0.752170828568798,1,1,1,0.601691933853518,1
"Gene621","Gene621",0.076114549022799,1,0.076114549022799,1,1,0.496245298731624,1,1,1
"Gene622","Gene622",0.263156009008966,38.5964568890632,42.7636147401155,1,1,1,1,1,0.743064964403024
"Gene623","Gene623",1.10396006867817,1,1.10396006867817,1,1,1,1,1,1
"Gene624","Gene624",2.44002218624035,1,2.44002218624035,1,1,1,1,1,1
"Gene625","Gene625",0.260135351116717,1,0.260135351116717,1,1,1,1,1,1
"Gene626","Gene626",0.0894178722360478,1,0.0894178722360478,0.495793146495236,1,1,1,1,0.744575772802447
"Gene627","Gene627",0.0422682360026601,1,0.0422682360026601,1,1,1,1,1,0.938425753934503
"Gene628","Gene628",0.993903443229899,1,0.993903443229899,1,1,1.7652623308444,1,1,1
"Gene629","Gene629",0.105157235057746,1,0.105157235057746,1,1,1,1,1,1
"Gene630","Gene630",0.0615862614892679,1,0.0615862614892679,1,1,1,1,1,1
"Gene631","Gene631",5.41895984686123,1,5.41895984686123,1,1,1,1,1,1
"Gene632","Gene632",0.811254011536997,1,0.811254011536997,1,1,1,1,1,1
"Gene633","Gene633",0.162338136146944,1,0.162338136146944,1,1,1,1,2.23071747997985,1
"Gene634","Gene634",3.29303395637082,1,3.29303395637082,1,1,1,1,1,1
"Gene635","Gene635",4.28947181645529,1,4.28947181645529,1,1,1,1,1,1
"Gene636","Gene636",1.74095537859358,1,1.74095537859358,1.27278045374349,1,0.851724208610926,1,1,1
"Gene637","Gene637",0.0539628372773202,1,0.0539628372773202,1,1,1,1,1,1
"Gene638","Gene638",0.0449917719419061,1,0.0449917719419061,1,1,1,1,1,1
"Gene639","Gene639",0.279193430577552,1,0.279193430577552,1,1.07323278949735,1,1,1,1
"Gene640","Gene640",0.287292816273794,1,0.287292816273794,1,1,1,1,3.04938923768772,1
"Gene641","Gene641",0.195450688707955,1,0.195450688707955,1.06137046216086,1,1,2.2491695811771,1,1
"Gene642","Gene642",1.26719022456677,1,1.26719022456677,1,1,1,1,1,1
"Gene643","Gene643",1.08323166139852,1,1.08323166139852,1,1,1,1,2.64849704584067,1
"Gene645","Gene645",2.59181616560169,1,2.59181616560169,1,1,1,1,1,1
"Gene647","Gene647",1.86363407732156,1,1.86363407732156,1,1,1,1,1,1
"Gene648","Gene648",8.35779444516833,1,8.35779444516833,1,1,1,1,1,1
"Gene649","Gene649",3.35481677443613,84.7746366843156,93.9275310508774,1,1,1,0.58751978969693,1,1
"Gene650","Gene650",3.0080298436096,1,3.0080298436096,1,1,0.921924383911442,1,1,1
"Gene651","Gene651",2.67253521518505,1,2.67253521518505,1,1,1,1,1,1
"Gene652","Gene652",3.67097404490626,1,3.67097404490626,1,1,1,1,1,0.924740272235912
"Gene653","Gene653",0.540337356813314,45.17362150263,50.0508985036309,1,1,1,1,1.16758991579821,1
"Gene654","Gene654",1.78541098084567,1,1.78541098084567,1,1,1,1,1,1
"Gene655","Gene655",1.67735878128803,1,1.67735878128803,1,1,1,1,1,1
"Gene656","Gene656",0.277216438941695,1,0.277216438941695,1,1,1,1,0.632473409630636,1
"Gene657","Gene657",0.416815578955174,1,0.416815578955174,1,1,1,1,1.16383649638943,1
"Gene658","Gene658",0.64615440298625,1,0.64615440298625,1,1,1,1,1,1
"Gene659","Gene659",0.665149523422516,1,0.665149523422516,1,1,1,1,1,1
"Gene660","Gene660",0.559913027310062,1,0.559913027310062,1,1,1,1,1,1
"Gene661","Gene661",2.58036916604156,1,2.58036916604156,1,1,1,1,1,1
"Gene662","Gene662",6.96597668064383,1,6.96597668064383,1,1,1,1,1,1
"Gene663","Gene663",3.57535387638492,1,3.57535387638492,1,1.31892453182897,1,1,1,1
"Gene664","Gene664",2.80320257276388,1,2.80320257276388,1,0.526475160236657,1,1,1,1
"Gene665","Gene665",0.075215707618249,1,0.075215707618249,1,1,1,1,1,1
"Gene666","Gene666",2.76219389093029,1,2.76219389093029,1,1,1,1.35838857148915,1,1
"Gene668","Gene668",2.44251655810622,1,2.44251655810622,1,1.64218766005305,1,1,1,1
"Gene669","Gene669",1.00454910989134,1,1.00454910989134,1,1,1,1,1,1
"Gene670","Gene670",0.396300199533137,44.0081869518816,48.759635052266,1,1,1,1,1,1
"Gene671","Gene671",0.103858421049266,1,0.103858421049266,1,1,1,1,1,1
"Gene672","Gene672",0.563599791972656,1,0.563599791972656,1,1,1,1,1,1
"Gene673","Gene673",2.69656260296207,1,2.69656260296207,1,1,1,1,1,1
"Gene674","Gene674",2.58740115616805,1,2.58740115616805,1,1,1,1,1,0.834248876512272
"Gene675","Gene675",0.796422088880469,1,0.796422088880469,1,1,1,1,1,0.663673508688729
"Gene676","Gene676",1.99679055389954,1,1.99679055389954,0.600841660144955,1,1,1,1,1
"Gene677","Gene677",0.134452880398291,1,0.134452880398291,1,1,1,0.838475525926282,1,1
"Gene678","Gene678",1.81519544590009,1,1.81519544590009,1,1,1,1,1,1
"Gene679","Gene679",1.11536903699195,1,1.11536903699195,1,1,1,1,1,1
"Gene681","Gene681",0.190066570276404,1,0.190066570276404,1,1,1,0.756601559987638,1,1
"Gene682","Gene682",2.48868315937659,1,2.48868315937659,1,1,1,1,1,1
"Gene683","Gene683",1.5789170476865,1,1.5789170476865,1,1,1,1,1,1
"Gene684","Gene684",0.937158156054186,1,0.937158156054186,1,1,1,0.559320289177864,1,1
"Gene686","Gene686",2.77138140288501,1,2.77138140288501,1,1,1,1,0.868802798532961,1
"Gene687","Gene687",5.64743890734719,1,5.64743890734719,1,1,1,1,1,1
"Gene688","Gene688",0.0435711531694407,1,0.0435711531694407,1,1,1,1,1,1
"Gene689","Gene689",0.85625793906073,1,0.85625793906073,1,1,1,1,1,1
"Gene690","Gene690",0.445623121727114,1,0.445623121727114,1,1,1,1,1,1
"Gene691","Gene691",1.61701975774386,1,1.61701975774386,1,1,1,1,1,1
"Gene692","Gene692",1.19540461254861,1,1.19540461254861,1,1,1,1,1.6527270927937,1
"Gene693","Gene693",0.370122053742865,1,0.370122053742865,1,1,1,1,1,1
"Gene694","Gene694",0.769242049589315,1,0.769242049589315,1,1,1,1.35982377987105,1,1
"Gene695","Gene695",0.365275210207914,1,0.365275210207914,1,1,1,1,1,1
"Gene696","Gene696",0.801115781331173,1,0.801115781331173,1,1,1,1,1,1
"Gene697","Gene697",4.82773474515197,1,4.82773474515197,1,1,1.35254070681265,1.33364110200164,1,1
"Gene698","Gene698",2.86556967823635,1,2.86556967823635,1,1,1,1,0.641424519320615,1
"Gene699","Gene699",2.72008487852532,1,2.72008487852532,1,1,1,1,1,1
"Gene700","Gene700",2.88196539438871,1,2.88196539438871,1,1,1,1,1,1
"Gene701","Gene701",0.583729661964403,1,0.583729661964403,1,1,1,1.15182226733595,1,1
"Gene702","Gene702",0.332543945325788,1,0.332543945325788,1,1,1,1,1,1
"Gene703","Gene703",0.509270134336429,1,0.509270134336429,1,1,1,0.974072061731747,1,1
"Gene704","Gene704",0.229211884745969,1,0.229211884745969,1,1,1,1,1.37655395816029,1
"Gene705","Gene705",1.52188069620567,1,1.52188069620567,1,1,1.09661612066512,1,1,1
"Gene706","Gene706",0.684603841202241,1,0.684603841202241,1,1,0.767789676853445,1,1,1
"Gene707","Gene707",2.33220611047227,1,2.33220611047227,1,1,1,1,1,1
"Gene708","Gene708",5.51695164862001,1,5.51695164862001,1,1,1,1,1,1
"Gene709","Gene709",3.00962738691745,1,3.00962738691745,1,1,1,1,1,1
"Gene710","Gene710",4.10720627099978,1,4.10720627099978,1,1,0.648403691334782,0.707535204991188,1,1
"Gene711","Gene711",0.264866742306237,1,0.264866742306237,1,1,1,1,1,1
"Gene712","Gene712",3.89807847503384,1,3.89807847503384,0.981069415912425,1,0.862042726008405,1,1,1
"Gene713","Gene713",4.4296202437285,1,4.4296202437285,1,1,1,1,1,1
"Gene714","Gene714",1.75349396162279,1,1.75349396162279,1,1,1,1,1,1
"Gene715","Gene715",1.14734904301929,1,1.14734904301929,0.422976831638817,1,1,1,1,1
"Gene716","Gene716",0.477281870576468,1,0.477281870576468,1,1,1,1,1,1
"Gene717","Gene717",1.17716547716656,1,1.17716547716656,1,1,1,1,1,1
"Gene719","Gene719",0.150112519401907,1,0.150112519401907,1,1,1,1,1.06602281373397,1
"Gene720","Gene720",0.199035760113441,1,0.199035760113441,1,1,1,1,1,1
"Gene721","Gene721",6.56057215072964,1,6.56057215072964,1,1,1,1.0210632341924,1,1
"Gene722","Gene722",4.78636729557213,59.3363646449754,65.7427557418037,1,1,1.69490596586808,1,1,1
"Gene723","Gene723",1.14452769801685,58.5721778037985,64.8960616589898,1,1,1,1,1,1
"Gene724","Gene724",0.291634291816424,1,0.291634291816424,1,1,1,1,1,1
"Gene726","Gene726",1.85665290970879,1,1.85665290970879,1,1,1,1,1,1
"Gene728","Gene728",2.38740521344926,1,2.38740521344926,1,1,1,1,1,1
"Gene729","Gene729",3.88072539075553,1,3.88072539075553,1,1,1,1,1,1
"Gene730","Gene730",1.25083603501934,1,1.25083603501934,1,1,1,1,1,1
"Gene732","Gene732",0.188272248939634,1,0.188272248939634,1,1,1,1,1,0.816135869775002
"Gene733","Gene733",0.446997775105132,1,0.446997775105132,1,1,1,1,1,1
"Gene734","Gene734",5.88176303127247,1,5.88176303127247,1,1,1,1,1,1
"Gene735","Gene735",4.81099771650078,1,4.81099771650078,1.1943466405567,1.92006549194882,1,1,1,0.749828100278371
"Gene736","Gene736",0.504519593064801,1,0.504519593064801,1,1,1,1.2495369085321,1,1
"Gene737","Gene737",0.848756303064251,1,0.848756303064251,1,1,1,1,1,1
"Gene738","Gene738",0.783696315639925,1,0.783696315639925,1,1,1,0.959758903352978,1,1
"Gene739","Gene739",0.120123222442225,1,0.120123222442225,1,1,1,1,1,1
"Gene740","Gene740",0.071068705614199,1,0.071068705614199,1,1,1,1,1,1
"Gene741","Gene741",0.524782814129122,1,0.524782814129122,1,1,0.932298542939227,0.465102396830926,1,1
"Gene742","Gene742",0.0404602253289015,1,0.0404602253289015,1,1,1,1,1,1
"Gene743","Gene743",5.53280506079062,1,5.53280506079062,1,1,1,1,1,1
"Gene744","Gene744",0.814886173871792,1,0.814886173871792,1,1,1,1,1,1
"Gene746","Gene746",0.0492182243523307,1,0.0492182243523307,1,1,1,1,1,1
"Gene747","Gene747",0.499114183413683,1,0.499114183413683,0.703125770059417,1.75808653204246,1,1,1,1
"Gene748","Gene748",0.173234812709411,1,0.173234812709411,1,1,1,1,1,1
"Gene749","Gene749",5.57037079409602,1,5.57037079409602,1,1,0.778961675934355,1,1,1
"Gene750","Gene750",2.71010271777045,1,2.71010271777045,1,1,1,1,1.3151528556925,1.52844210863954
"Gene751","Gene751",1.15013219651198,1,1.15013219651198,1,1,0.556818370604135,1,1,1
"Gene752","Gene752",0.501125459859855,51.7397768414422,57.3259843499766,1,1,1,1,1,2.02687824743292
"Gene753","Gene753",2.32591899933958,1,2.32591899933958,1,1,1,1,1.13428065205401,1
"Gene754","Gene754",1.16853493653384,1,1.16853493653384,1,1,1,1,1,1
"Gene755","Gene755",3.62791780091404,1,3.62791780091404,1,1,0.989741447629061,1,1,1
"Gene756","Gene756",7.29571541800393,1,7.29571541800393,1,1,1,1,1,1
"Gene757","Gene757",2.86947711660553,1,2.86947711660553,1,1,1,1,1,1
"Gene758","Gene758",2.58879265825141,1,2.58879265825141,1,1,1,1,1,1
"Gene759","Gene759",0.0606679738710317,1,0.0606679738710317,1,1,1,1,1,1
"Gene760","Gene760",9.63256517197489,1,9.63256517197489,1,1,1,1,1,1.03364310492071
"Gene761","Gene761",0.146381321167935,1,0.146381321167935,1,1,1,1,1,1
"Gene762","Gene762",5.48571801419795,1,5.48571801419795,1,0.65874859973917,1,1,1,1
"Gene763","Gene763",1.95462658837683,48.1348378870953,53.3318296261784,1,1,1,1,1,1
"Gene764","Gene764",14.2303713014848,1,14.2303713014848,1,1,1,1,1,1
"Gene765","Gene765",0.914876862969597,1,0.914876862969597,1.80207557341315,1,1,1,0.99224825561167,1
"Gene766","Gene766",0.0743891173080073,1,0.0743891173080073,1,1,1,1,1,1
"Gene767","Gene767",0.0238299812598648,66.6870107263912,73.8870317311803,1,1,1,1,1,1
"Gene768","Gene768",0.199116266050222,1,0.199116266050222,1,1,0.853656322003099,1,1,1
"Gene769","Gene769",2.6859936944943,1,2.6859936944943,1,1,1,1,1.22923468101462,1
"Gene770","Gene770",1.63100269537742,1,1.63100269537742,1,1,1,1,1,1
"Gene771","Gene771",1.02640874916996,1,1.02640874916996,1,0.915583850684469,1,1,1,1
"Gene772","Gene772",1.76134263104368,1,1.76134263104368,1,1,0.668498271674087,1,1,1
"Gene773","Gene773",0.108675021709167,1,0.108675021709167,1,1,1,1,1,1
"Gene774","Gene774",7.71357882836756,1,7.71357882836756,1,1,1,1.26677083527285,1,1
"Gene775","Gene775",2.08595218231811,1,2.08595218231811,1,1,1,1,1,1
"Gene776","Gene776",0.887463498922319,1,0.887463498922319,1,1,1,1,1,1.5927806372331
"Gene777","Gene777",0.489131347465341,89.7551237742977,99.4457482215957,1,1,1,1,1,1
"Gene778","Gene778",4.50623498981755,1,4.50623498981755,1,1,1,1,1,1
"Gene779","Gene779",0.142224614892965,1,0.142224614892965,1,1,1,1,1,1
"Gene780","Gene780",1.12905418338184,1,1.12905418338184,1,1,1,1,0.458589876776598,1
"Gene781","Gene781",0.423734580988335,1,0.423734580988335,1,1,1,1,1,1
"Gene782","Gene782",1.63488615151655,1,1.63488615151655,1,1,1,1,1,1
"Gene783","Gene783",0.24434400064448,1,0.24434400064448,1,0.814842564994876,2.34715095910656,1.97310354670105,1,1
"Gene784","Gene784",1.32708949478086,1,1.32708949478086,1,1,1,1,1,1
"Gene785","Gene785",1.45840425281965,1,1.45840425281965,3.05145511841475,1,1,1,1,1
"Gene786","Gene786",0.16285053290697,1,0.16285053290697,1.313652021401,1,1,1,1,1
"Gene787","Gene787",0.0535087521830856,1,0.0535087521830856,0.659145405425753,1,1,1,1,1
"Gene788","Gene788",2.97393144528723,1,2.97393144528723,1,1,1,1,1,1
"Gene789","Gene789",2.15572463425944,1,2.15572463425944,1,1,1,1,1,1
"Gene790","Gene790",0.197895695081872,1,0.197895695081872,1,1,1,1,1,1
"Gene791","Gene791",0.0787373067900952,1,0.0787373067900952,1,1,1,1,1,1
"Gene792","Gene792",0.062732556066755,1,0.062732556066755,1,1,1,0.699857622526335,1,1
"Gene793","Gene793",1.31448685910201,1,1.31448685910201,1,0.920681139173726,1,1,1.10132582106834,1
"Gene794","Gene794",4.4670863006955,1,4.4670863006955,1,1,1.42033320729428,1,1,1
"Gene795","Gene795",1.28688950582604,1,1.28688950582604,1,1.02833401776926,1,1,1,1
"Gene796","Gene796",9.42200203846569,1,9.42200203846569,1,1,1,1,1,1
"Gene797","Gene797",1.51255353832612,1,1.51255353832612,1,1,1,1,1.4102271659326,1
"Gene798","Gene798",0.258401523836724,1,0.258401523836724,1,1.18191314780016,1,1,1,1
"Gene800","Gene800",0.514385567114418,1,0.514385567114418,1,1,0.780520245882295,1,1.06530883354695,1
"Gene801","Gene801",0.165509533038931,1,0.165509533038931,1,1,1,1,1,0.461194547159504
"Gene802","Gene802",0.141646406594405,1,0.141646406594405,0.968845436878358,1,1,1,1,1
"Gene803","Gene803",0.733781354781432,1,0.733781354781432,1,1,1,1,1,1
"Gene804","Gene804",1.78527376483726,1,1.78527376483726,1,2.03673284025381,1,1,1,1
"Gene805","Gene805",0.661518302581266,1,0.661518302581266,1,1,1,1,1,1
"Gene806","Gene806",0.165317690556089,1,0.165317690556089,1,1,1,1,1,1
"Gene807","Gene807",0.253816141854154,1,0.253816141854154,1,1,1,1,0.735564385497236,1.84030956580691
"Gene808","Gene808",0.885528916189985,1,0.885528916189985,1,1,1,1,1,1
"Gene809","Gene809",4.32399493051258,1,4.32399493051258,1,1,1.15429450201084,1,1,1
"Gene810","Gene810",0.0327705406884732,1,0.0327705406884732,1,0.463859372269396,1,1,1,1
"Gene811","Gene811",2.15902352983031,1,2.15902352983031,0.802742830089471,1,1,1,1,1
"Gene812","Gene812",0.624544327888519,1,0.624544327888519,1,1,1,1,1,1
"Gene813","Gene813",6.41743269748708,1,6.41743269748708,1.0790435368547,1,1,0.534769139862134,1,1
"Gene814","Gene814",2.35697177212381,1,2.35697177212381,1,1,1,1,1,1
"Gene815","Gene815",0.20264817256058,1,0.20264817256058,1.34820444306093,1,1,1.36571200863546,1,1
"Gene816","Gene816",0.0926176380176886,1,0.0926176380176886,1,1,1,1,0.732479928620212,0.98841325422708
"Gene817","Gene817",3.12905814219941,1,3.12905814219941,1,1,1,1,1,1
"Gene818","Gene818",0.234578045271264,1,0.234578045271264,1,1,1,1,1,1
"Gene819","Gene819",3.29619263646927,1,3.29619263646927,1,1,1,1,1,1
"Gene820","Gene820",1.19401186809513,1,1.19401186809513,1,1,1,1,1,1
"Gene821","Gene821",2.60249763469539,1,2.60249763469539,1,1,1,1,1,1
"Gene822","Gene822",2.79493895544358,1,2.79493895544358,1,1,1,1,1,1
"Gene824","Gene824",4.47746456185899,1,4.47746456185899,1,1,1,1,1,1
"Gene826","Gene826",0.578917966658824,1,0.578917966658824,1,1,1,1,1,1
"Gene827","Gene827",0.573928107741829,1,0.573928107741829,1.2920477228138,1,0.971533906892913,1,1,1.43699138080682
"Gene828","Gene828",1.59423988755921,1,1.59423988755921,1,1,1,1,1,1
"Gene829","Gene829",2.10224930479567,1,2.10224930479567,1,1,1,1,1,1.26216715905289
"Gene830","Gene830",2.40424439901585,1,2.40424439901585,1,1,1,1,1.05933430991148,1
"Gene831","Gene831",0.225664397652789,1,0.225664397652789,1,1,1,1.0251325662072,1,1
"Gene832","Gene832",0.173404746288372,1,0.173404746288372,1,1,1,1,1,1
"Gene833","Gene833",0.216505623123487,1,0.216505623123487,1,1,1,1,1,1
"Gene834","Gene834",6.04450733300287,1,6.04450733300287,1,1,1,1,1,1
"Gene835","Gene835",0.62785007425567,1,0.62785007425567,1,1,1,1,1,1
"Gene836","Gene836",0.699580860283195,1,0.699580860283195,1,1,1,1,1,1
"Gene837","Gene837",6.52109017661893,1,6.52109017661893,1,1,1,1,1,1
"Gene838","Gene838",0.172574104367255,1,0.172574104367255,1,1.48790851487063,1,1,1,1
"Gene839","Gene839",1.63541281703178,1,1.63541281703178,1,1,1,1,1,1
"Gene840","Gene840",0.314518134403413,1,0.314518134403413,1,1,1,1,1,1
"Gene841","Gene841",1.39143604924027,1,1.39143604924027,0.675261042627053,1,1,1,1,1.49982711293348
"Gene842","Gene842",6.30488961001081,44.8383233210896,49.6793990600507,1,1,1,1,1,1
"Gene843","Gene843",0.781579453250976,1,0.781579453250976,1,1,1,1,1.1173903111724,1
"Gene844","Gene844",0.0225736856484061,1,0.0225736856484061,1,1.29616231934139,1,1,1,1
"Gene845","Gene845",0.715269394106265,112.829873240054,125.011817646427,1,1,1,1,1,1
"Gene846","Gene846",0.553366163472072,1,0.553366163472072,1,1,1,1,1,1
"Gene847","Gene847",4.5505628721245,1,4.5505628721245,1,1,0.932955146919062,1,1,1
"Gene848","Gene848",0.551458761983398,1,0.551458761983398,1,1,1,1,0.85549227979252,1
"Gene849","Gene849",1.92977417289227,1,1.92977417289227,1,1,1.59780915171335,1,1,1
"Gene850","Gene850",4.75567953929758,1,4.75567953929758,1,1,1,1,1,1
"Gene851","Gene851",5.47249712344645,1,5.47249712344645,1,1,1,1,1,1
"Gene852","Gene852",3.74945226071555,1,3.74945226071555,1,1,1,1,1,1
"Gene853","Gene853",3.77396940952514,1,3.77396940952514,1,1,1.25709225468333,1.14361056313624,1,1
"Gene855","Gene855",0.330194466357313,1,0.330194466357313,1,1,1,1,1,1.32843050113796
"Gene856","Gene856",2.30451279476235,1,2.30451279476235,1,1,1,1,1,1
"Gene857","Gene857",5.47165733184426,1,5.47165733184426,1,1,1,1,1,1
"Gene858","Gene858",0.52375136769062,1,0.52375136769062,1,1,1,1,1,1
"Gene859","Gene859",0.812486920412138,1,0.812486920412138,1,1,1,1,1,1
"Gene861","Gene861",0.76192757070215,1,0.76192757070215,1.16276243646825,1,1,1,1,1
"Gene862","Gene862",0.0384053459818003,1,0.0384053459818003,2.35282547194907,1,1,1,1,1
"Gene863","Gene863",1.90566727257787,1,1.90566727257787,1,1,1,1,1.05268579216723,1
"Gene864","Gene864",1.50375639269529,1,1.50375639269529,1,1,1,1,1,1
"Gene865","Gene865",6.32055897498886,1,6.32055897498886,1,1,1,1,1,1
"Gene866","Gene866",1.01141596541438,1,1.01141596541438,1,1,1,1,1,1
"Gene867","Gene867",1.24095490997468,35.9633885125667,39.8462609021578,1,1.23239017098341,1,1,1,1
"Gene868","Gene868",0.762738581850558,1,0.762738581850558,1,1,1,0.766113185881801,1,1
"Gene869","Gene869",5.73851433738881,1,5.73851433738881,1,1,1,0.667660717804554,1,1
"Gene870","Gene870",0.263296382012446,1,0.263296382012446,1,1,1,1,1,1.82223371939315
"Gene871","Gene871",2.02413664786198,1,2.02413664786198,1,1,0.900346411419781,1,1,1
"Gene872","Gene872",1.55848080075862,1,1.55848080075862,1,1,1,1,1,1
"Gene873","Gene873",0.666808443906533,1,0.666808443906533,1,1,1,1,1,1
"Gene874","Gene874",1.41555028244918,1,1.41555028244918,1,1,1,1,0.820364312536863,1
"Gene875","Gene875",1.45646072783694,1,1.45646072783694,1,1,1,1,1,1
"Gene876","Gene876",1.23143878229323,1,1.23143878229323,1,1,1,1,1,1
"Gene877","Gene877",1.68801807567308,1,1.68801807567308,1,1,1,1,1,1
"Gene878","Gene878",0.39314042196499,1,0.39314042196499,1,1,1,0.994695338734092,1,1
"Gene879","Gene879",0.285542419350602,1,0.285542419350602,1,1,1,1,1,1
"Gene881","Gene881",13.2139195544834,1,13.2139195544834,1,1,1,1,1,0.507444311275616
"Gene882","Gene882",0.137095546419236,1,0.137095546419236,1,1,1,1,1,1
"Gene883","Gene883",4.16431579998728,1,4.16431579998728,1,1,0.864418044525802,1,1,1
"Gene884","Gene884",1.074554918295,1,1.074554918295,1,1,1,1,0.829868812503245,1
"Gene885","Gene885",11.4015112157014,1,11.4015112157014,1,1,1,1,1,1
"Gene886","Gene886",0.193263198879973,1,0.193263198879973,1,1,1,1,1,1
"Gene887","Gene887",0.362913948368622,1,0.362913948368622,1,1,1,1,1,1
"Gene888","Gene888",1.32607893145872,1,1.32607893145872,1.28647648914708,1,0.631965150106473,1,1,1
"Gene889","Gene889",0.205619196433058,148.521328868732,164.556785787044,1,1,1,1,1,1
"Gene890","Gene890",2.60130190289017,1,2.60130190289017,1,1,1,1,1,1
"Gene891","Gene891",1.40236720883441,1,1.40236720883441,1,1,1,1,1,2.4193677926058
"Gene892","Gene892",2.67948279595312,1,2.67948279595312,0.921204197577561,1,1,1,1,1
"Gene893","Gene893",0.178989694860909,1,0.178989694860909,1,1,1,1,1,1
"Gene894","Gene894",0.382134496640853,1,0.382134496640853,1,1,1,1,1,1
"Gene895","Gene895",9.65543716215158,1,9.65543716215158,1,1,1,1,1,1
"Gene896","Gene896",4.66002491090613,1,4.66002491090613,0.856914106892422,1,1,1,1,1
"Gene897","Gene897",0.718158991023874,1,0.718158991023874,1.37728010278629,1,1,1,1,1
"Gene898","Gene898",0.0376434681216079,1,0.0376434681216079,1,1,1,1,1,1
"Gene899","Gene899",0.585661466676756,1,0.585661466676756,1,1,1,1,1,1
"Gene900","Gene900",0.912763296216125,1,0.912763296216125,1,1,1,1,1,1
"Gene901","Gene901",1.93206609164434,1,1.93206609164434,1,1,1,1,1,1
"Gene902","Gene902",2.45046843869983,1,2.45046843869983,1,1,1,1,1,1
"Gene903","Gene903",1.09260344626958,82.2815178516508,91.1652367406032,1,1,1,1,1,1
"Gene904","Gene904",1.00092931605201,1,1.00092931605201,1,1,1,1,1,1
"Gene905","Gene905",4.82865452175912,1,4.82865452175912,1,1,1.36542364851648,1,1,1
"Gene906","Gene906",2.24532493261108,1,2.24532493261108,1,1,1,1,1,1
"Gene907","Gene907",0.512477667481231,1,0.512477667481231,0.799929116980898,1,1,1,1,1
"Gene908","Gene908",2.63647978944999,1,2.63647978944999,1,1,1,1,1,1.03478946541627
"Gene909","Gene909",2.91796430483308,1,2.91796430483308,1,1,1,1,1,1
"Gene910","Gene910",0.988360672450409,1,0.988360672450409,1,1,1,1,1,1
"Gene911","Gene911",0.186894722748503,1,0.186894722748503,1,1,1,1,1,1
"Gene912","Gene912",1.31145489939613,1,1.31145489939613,1,1,1.6208990851485,1,1,1
"Gene913","Gene913",0.295382747424745,1,0.295382747424745,1,1,1,1,1,1
"Gene914","Gene914",0.226692320982318,1,0.226692320982318,1,1,1,1,1,1
"Gene915","Gene915",1.87668086867163,1,1.87668086867163,1,1.09123099247651,1,1,1,1
"Gene916","Gene916",4.55130913950147,1,4.55130913950147,1.35364156040525,1,0.338906447373397,1,1,1
"Gene917","Gene917",0.801417270446465,1,0.801417270446465,0.641926860067495,2.00598384771797,1,1,1,1
"Gene918","Gene918",1.40992095569651,1,1.40992095569651,1,1,1,1,1,1
"Gene919","Gene919",1.35475554884941,45.5694402049178,50.4894527092726,1,1.00528856243742,1,1,1,0.901811158106615
"Gene920","Gene920",3.31482469277217,1,3.31482469277217,1,1,1,1,1,1
"Gene921","Gene921",2.59083904078625,1,2.59083904078625,1,1,1,1,1,1
"Gene922","Gene922",0.0560781351575731,1,0.0560781351575731,1,1,1,1,1,1
"Gene924","Gene924",1.1300967473594,18.8624672916237,20.8989982325449,1,1.19777625245856,1,1,1,1
"Gene925","Gene925",0.587933232093153,1,0.587933232093153,1,1,1,1,0.451027108856501,1
"Gene927","Gene927",0.98757844183205,1,0.98757844183205,1,1,1,1,1,1
"Gene928","Gene928",2.4147765660447,44.744801776713,49.5757802407088,1,1,1,1,1,1
"Gene930","Gene930",7.98804819147894,1,7.98804819147894,1,1,1,1,1,1
"Gene932","Gene932",0.326078156736376,1,0.326078156736376,1,1,1,1,1,1
"Gene933","Gene933",0.067657065168152,1,0.067657065168152,1,1,1,1,1,1
"Gene934","Gene934",1.7936654559246,1,1.7936654559246,1,1,1,1,1.03651414473965,1
"Gene935","Gene935",0.316360922710962,1,0.316360922710962,1,1,1,1,1,1
"Gene936","Gene936",11.314971585974,1,11.314971585974,1,1,1,1,1,1
"Gene937","Gene937",4.29353209034331,1,4.29353209034331,1.1431259115974,1,1,1,1,0.506138792667643
"Gene938","Gene938",3.17425997613577,1,3.17425997613577,1,1,1,1,1,0.631673378453403
"Gene939","Gene939",0.75505946060148,1,0.75505946060148,1,1,1,1,1,1
"Gene940","Gene940",0.818719479569152,1,0.818719479569152,1,1,1,1,1,1
"Gene941","Gene941",1.1740624695302,1,1.1740624695302,1,1,1,0.311320434908979,1,1
"Gene942","Gene942",0.247118425131407,1,0.247118425131407,0.610964327959242,1,1,1,1,1
"Gene943","Gene943",1.41153159821381,1,1.41153159821381,1,1,1,0.781803983378817,1,1
"Gene944","Gene944",0.0356364567535456,1,0.0356364567535456,1,1,1,1,1,1
"Gene945","Gene945",1.77332006295749,1,1.77332006295749,1,1,1,1,1,0.714003228463595
"Gene947","Gene947",3.12689639662566,1,3.12689639662566,1,1,1,1,1,1
"Gene948","Gene948",2.88844686187821,1,2.88844686187821,1,1,1,0.549958481537443,1,1
"Gene950","Gene950",6.02109377097169,1,6.02109377097169,1,1,1,1,1.39268780095756,1
"Gene951","Gene951",0.812618880527764,1,0.812618880527764,1,1,1,1,1,1
"Gene952","Gene952",0.54257033977151,1,0.54257033977151,1,1,1,1,1,1
"Gene953","Gene953",0.718741024952686,1,0.718741024952686,1,1,1.28618853494062,1,1,1
"Gene954","Gene954",1.98533378122904,1,1.98533378122904,1,1,1,1,1,1
"Gene955","Gene955",0.209095815810221,1,0.209095815810221,1.1519314533101,1,1,1,1.48640943547404,1
"Gene956","Gene956",1.85478440902651,1,1.85478440902651,1,1,1,1,1,1
"Gene958","Gene958",2.18353601430366,1,2.18353601430366,1,1,1,1,1,1
"Gene960","Gene960",2.2293361305893,1,2.2293361305893,1,1.82090756641093,1,1,1,1
"Gene961","Gene961",0.95782195525521,1,0.95782195525521,1,1,0.955136908345256,1,1,1
"Gene962","Gene962",2.39039614531625,1,2.39039614531625,1,1,1.29954950811595,1,0.967924870320049,1
"Gene963","Gene963",6.16861819844326,1,6.16861819844326,1,1,1.25295080013593,0.787253308314235,1,1
"Gene964","Gene964",1.54606340772173,1,1.54606340772173,1,1,1,1,1,1.14961695122423
"Gene965","Gene965",0.502993355056502,1,0.502993355056502,1,1,1,1,1,1
"Gene966","Gene966",0.957770048692392,1,0.957770048692392,1.76991135987693,1.02161723835541,1,1,1,1
"Gene967","Gene967",2.03001596198296,1,2.03001596198296,1,1,1.09053958250986,1,1,1
"Gene968","Gene968",0.162568790860871,1,0.162568790860871,1,1,1,1,1,0.838661345299345
"Gene970","Gene970",0.284495921562459,1,0.284495921562459,1,1,1,1,1,1
"Gene971","Gene971",0.119894404622815,1,0.119894404622815,1,1,0.779391027085857,1,1,1
"Gene972","Gene972",1.56309906943133,1,1.56309906943133,1,1,1,1,1,1
"Gene973","Gene973",0.666278347559253,1,0.666278347559253,0.837757514991884,1,1,1,1,1.61924412796756
"Gene974","Gene974",13.5097879060542,1,13.5097879060542,1,1,1.39209040745981,1,1,1
"Gene975","Gene975",1.45541893167686,1,1.45541893167686,1,1,1,1,1.07960749211094,1
"Gene976","Gene976",2.02741033952737,1,2.02741033952737,1,1,1,1,1,1
"Gene977","Gene977",0.424281584015959,1,0.424281584015959,1,0.745963759491637,1,1,1,0.407019994367056
"Gene978","Gene978",0.869524543039841,1,0.869524543039841,1,1,1,1,1,1
"Gene981","Gene981",0.758722180540109,1,0.758722180540109,1,1,1,1,1,1
"Gene983","Gene983",2.44891461004467,1,2.44891461004467,1,1,1,1,1,1
"Gene984","Gene984",4.36405426362146,1,4.36405426362146,1,1,1,1,1,1
"Gene985","Gene985",2.61072883548246,1,2.61072883548246,1,1,1.6252086600513,1,1,1
"Gene986","Gene986",1.95507392011002,1,1.95507392011002,1,1,1,1,1,1
"Gene987","Gene987",1.5309938037095,1,1.5309938037095,1.10197537471359,1,1,1,1,1
"Gene988","Gene988",0.34351775562222,1,0.34351775562222,1,1,1,1,1,1
"Gene989","Gene989",0.759627550585341,1,0.759627550585341,1,1,1,1,1,1
"Gene990","Gene990",0.0790999304561123,1,0.0790999304561123,1,1,1,1,1,1
"Gene991","Gene991",3.96279647892817,1,3.96279647892817,1,1,1,1,1,1
"Gene992","Gene992",1.35327774001943,1,1.35327774001943,1,1,1,1,1,1
"Gene993","Gene993",0.754748008154793,1,0.754748008154793,1,1,1,1,1,1.23204568757759
"Gene994","Gene994",3.08058872639227,45.8878803897575,50.8422740426244,1,1,1,1,1,1
"Gene995","Gene995",5.48063137597843,1,5.48063137597843,1,1,1,1,1,1
"Gene996","Gene996",1.57913582272921,1,1.57913582272921,1,1,1.15027829203521,1,1,1
"Gene997","Gene997",1.93912059246379,1,1.93912059246379,1,1,1,1,1,1
"Gene998","Gene998",2.66576002699791,1,2.66576002699791,1,1,1,1,1,2.15276719865797
"Gene999","Gene999",1.88114057463137,1,1.88114057463137,0.918581905399517,1,1,1,1,1
"Gene1000","Gene1000",2.62357325208309,1,2.62357325208309,1,1,1,1,1,1
